株式会社ファル・メイト,薬剤師／大村市の調剤薬局 H00252 00217334A,大村市 諏訪駅,年収450万円～630万円,1日前,ヘルなび
日本システムスタデイ株式会社,システムエンジニア,福岡市 博多駅 徒歩2分,年収320万円～560万円,5日前,U29JOB
GMOインターネット株式会社,WEBアプリケーションエンジニア／100%自社内,福岡県,年収420万円～620万円,3日前,エン エージェント
アルテンジャパン株式会社,PG・ITエンジニア 事業拡大・新規メンバー募集,福岡市 赤坂駅 徒歩5分,月給25万円～55万円,4日前,リクナビNEXT
LAMP株式会社,WEBデザイナー・HTMLコーダー募集,福岡市 赤坂駅 徒歩5分,月給23万円～50万円,2日前,Find Job!
株式会社アイティーシェルパ,アンドロイドアプリ開発,福岡市 赤坂駅 徒歩2分,年収350万円～600万円,4時間前,U29JOB
JR九州システムソリューションズ株式会社,新規事業推進担当,福岡市 博多区,年収350万円～550万円,5日前,パソナキャリア
株式会社フォーバル,工事及び保守担当,福岡市 天神駅 徒歩24分,年収260万円～400万円,5日前,U29JOB
株式会社三井ハイテック,機械設計,北九州市 八幡西区,月給18万円～25万円,3日前,ハローワーク八幡
株式会社スタッフサービス,情報システムエンジニア基本設計,長崎市 長崎駅 車10分,"月給21万5,000円～30万円",11時間前,スタッフサービス・エンジニアリング 常用型派遣
鬼塚電気工事株式会社,技術総合職 電気設備工事、ZEB省エネ、IoT工事等の設計・...,大分県 大分市,月給25万円～,4日前,マイナビ転職
株式会社野村総合研究所,システムエンジニア,福岡市 中洲川端駅,"月給24万1,500円",3日前,マイナビ転職
住友林業ホームサービス株式会社,不動産売買仲介営業職,福岡市 薬院大通駅,"月給21万4,000円～26万9,000円",9時間前,住友林業ホームサービス株式会社
株式会社リンクテクノロジー,システムエンジニア,熊本市 中央区,月給19万円～40万円,2日前,転職ナビ
株式会社Fabric Arts,Webディレクター 鉄道会社、観光協会、和菓子店などクライア...,福岡市 天神駅 徒歩3分,"月給24万175円～35万8,948円",4日前,エン転職
トランスコスモス株式会社,人事労務・総務／未経験から専門性が身につく 20代30代活躍,長崎県 長崎市,"月給19万3,000円～37万5,000円",4時間前,リクナビNEXT
株式会社Familia,インターネットの取付工事スタッフ,福岡県 北九州市,月給22万円～35万円,4時間前,あつまるくんの求人案内
株式会社テクノ情報システム,一大プロジェクトを支える!金融証券系のシステムエンジニア,福岡市 博多駅 徒歩6分,月給24万円～,21時間前,マイナビ転職
株式会社ビーネックステクノロジーズ,IT開発エンジニア 研修・サポート充実,福岡県,月給21万円～50万円,16時間前,エン転職
有限会社カワハラ通信,通信工事スタッフ,北九州市 若松区,月給19万円～28万円,4時間前,あつまるくんの求人案内
株式会社フェローズ,人材コーディネーター,福岡市 天神駅 徒歩4分,年収350万円～480万円,2時間前,U29JOB
ティ・シー・ケイ株式会社,年休124日 半導体製造装置フィールド・プロセスエンジニア,大分県 大分市,月給23万円～35万円,1時間前,リクナビNEXT
株式会社日本シナジー,土日休&1年目で年収500万円可／営業・コンサル 若手活躍中,福岡市 天神駅 徒歩3分,"月給3万5,300円～6万9,000円",2時間前,リクナビNEXT
株式会社ECBOスクエア,Webエンジニア 自社サービス開発 月給50万円～75万円 ...,福岡市 天神駅 徒歩8分,月給50万円～75万円,7時間前,type
株式会社アイフラッグ,営業 月100万円のインセンティブ可 完全週休2日&年間休日...,福岡市 中央区,月給25万円～,16時間前,エン転職
株式会社DGコミュニケーションズ,不動産プロモーション案件の広告・企画営業 年休122日,福岡市 博多区,"月給24万1,000円～",35分前,リクナビNEXT
株式会社シィ・エム・エス,医療システム営業,福岡市 中央区,年収450万円～650万円,34分前,パソナキャリア
株式会社リンカッド,"サービスも会社づくりも""全員参加""で挑める! 開発エンジニア",福岡県,月給35万円～,3日前,マイナビ転職
株式会社夢テクノロジー,未経験歓迎のプログラマー 8割が未経験入社／東証一部上場企業...,福岡県,"月給19万5,000円～27万円",16時間前,エン転職
株式会社新大陸,Webマーケティング企画営業職～業界未経験でも応募可能～,福岡市 博多駅,年収350万円～896万円,23時間前,doda
トラスト株式会社,なりたい自分に最短で近づく営業職／20代中心／月給25万円,福岡市 天神駅,月給25万円～,1日前,doda
株式会社ジュピターテレコム,既卒歓迎 システムエンジニア,福岡県,年収350万円～400万円,1日前,Re就活
株式会社日比谷花壇,既卒歓迎 総合職正社員,福岡県,年収250万円～350万円,1日前,Re就活
西日本ミシン販売株式会社,WEBデザイナー,飯塚市 飯塚駅 徒歩13分,年収300万円～480万円,1日前,U29JOB
日本ラッド株式会社,SE 前給保証／在宅勤務OK／残業月平均12.1時間／Web...,福岡市 博多駅 徒歩4分,月給25万円～,15時間前,エン転職
株式会社マッドマックス,ネットでの販売・管理スタッフ,北九州市 門司港駅,"月給20万4,000円～",4時間前,あつまるくんの求人案内
CANOW株式会社,ネットショップ運営担当／土日祝休み／残業ほぼなし／業績好調,福岡市 博多駅,年収300万円～400万円,22時間前,doda
株式会社インターレイズ,未経験・高卒OK! エステティシャン 引越・入社祝金支給あり,福岡県,月給21万円～40万円,2日前,マイナビ転職
株式会社Fusic,経理,福岡市 天神駅 徒歩3分,年収312万円～406万円,4時間前,U29JOB
株式会社ペンシル,インフラエンジニア,福岡市 中央区,年収400万円～750万円,22時間前,doda
株式会社InfinityWorld,大手企業や官公庁中心!経験者大募集! ITエンジニア,福岡市 中洲川端駅 徒歩2分,月給25万円～45万円,3日前,マイナビ転職
株式会社アスケイド,最先端の技術を創り出す プログラマ・PL 次世代ソフト開発,福岡県,月給25万円～35万円,4日前,リクナビNEXT
キャル株式会社 福岡オフィス,生産設備の保全、保守,福岡市 博多駅 徒歩5分,月給25万円～41万円,2日前,ハローワーク福岡中央
株式会社メディアクリエイトコミュニケーションズ,5Gを始め最先端の技術に触れることができます,福岡市 中央区,年収300万円～400万円,21時間前,doda
株式会社SHIFT,ITプロジェクトマネージャー／エンジニア,福岡市 博多駅,"月給35万円～49万5,834円",4日前,マイナビ転職
三協グループ,発送スタッフ,熊本市 熊本駅 車8分,"月給18万6,000円～30万円",4日前,あつまるくんの求人案内
株式会社グッドワークコミュニケーションズ,研修2ヶ月 平均年収430万円の人材コーディネーター・営業,福岡県,"月給22万6,000円～30万円",4日前,リクナビNEXT
株式会社リクルートR&Dスタッフィング,ソフト開発エンジニア,福岡県,月給20万円～44万円,3日前,マイナビ転職
株式会社Jストリーム,フロントエンド／開発エンジニア,福岡県,年収480万円～650万円,3日前,株式会社Jストリーム
株式会社インディペンデントインキュベータ,企画営業・販売,福岡県,月給22万円～,4日前,リクナビNEXT
株式会社シノケングループ,インサイドセールス 賞与昨年度実績4.48ヶ月分／選考はWe...,福岡市 天神駅 徒歩7分,"月給24万4,000円～28万円",4日前,エン転職
株式会社スミリオン,Webエンジニア,福岡市 博多駅 徒歩10分,月給21万円～40万円,6日前,株式会社スミリオン
cocone fukuoka株式会社,福岡／WEB開発エンジニア,福岡市 博多駅,"月給33万3,000円～",4日前,マイナビ転職エージェントサーチ
株式会社イーダブリュエムファクトリー,大規模サイトの構築を佐賀でスキルアップしたいWebアプリケー...,佐賀市 佐賀駅 バス2分,月給18万円～30万円,6日前,さがUターンナビ
株式会社パソナテック,Webアプリケーションエンジニア～自社内開発／東証一部パソナ...,福岡市 博多駅,年収350万円～700万円,4日前,doda
株式会社ネクストシステム,Web開発エンジニア,福岡市 井尻駅 徒歩2分,月給22万円～35万円,7日前,ハローワーク福岡南
株式会社クリエイティブリソースインスティチュート,Webエンジニア／目指せるPL・PM／残業月12h程度,福岡市 赤坂駅 徒歩10分,月給20万円～,4日前,doda
株式会社スーパーソフトウエア,WEBエンジニア,福岡市 博多駅 徒歩7分,年収400万円～700万円,4時間前,U29JOB
株式会社ブックスボックス,Webエンジニア,大分市 高城駅 徒歩30分,月給16万円～25万円,2日前,ハローワーク大分
武蔵株式会社,フロントエンドエンジニア・WEBデザイナー／土日休み／残業月...,熊本市 水道町駅 徒歩5分,月給30万円～50万円,4日前,かんたん応募
株式会社ヴィックスエイジ,WEBアプリケーションエンジニア,福岡市 博多区,年収300万円～500万円,7時間前,U29JOB
株式会社テクノクリエイティブ大分営業所・開発セン...,WEBオープン系システムエンジニア,大分県 大分市,"月給21万円～37万1,500円",5日前,ハローワーク大分
日本テクニカルシステム株式会社,Web系システムエンジニア,福岡市 博多駅 徒歩4分,月給25万円～46万円,4日前,ハローワーク福岡中央
SCSK九州株式会社,WEBオープンエンジニア／SE・PG,福岡市 博多駅,年収360万円～450万円,2日前,パソナキャリア
株式会社古城,ウェブ系エンジニア,大分県 大分市,月給20万円～30万円,3日前,ハローワーク大分
GMOインターネット株式会社,WEBアプリケーションエンジニア／100%自社内,福岡県,年収420万円～620万円,3日前,エン エージェント
株式会社フォトシンス,WEBエンジニア,福岡市 中洲川端駅 徒歩5分,年収350万円～500万円,2日前,U29JOB
サイボウズ株式会社,サーバーサイドエンジニア／Webエンジニア 中堅・大規模組織...,福岡市 祇園駅,年収400万円～800万円,4日前,レバテックキャリア
株式会社宇部情報システム,システムエンジニア WEB面接で完結,福岡県,年収420万円～550万円,4日前,エン エージェント
株式会社エムアンドエル,ITエンジニア／webアプリ開発／移住支援金対象,福岡市 早良区,月給25万円～35万円,6日前,福岡県移住・就業マッチングサイト
株式会社キューブス,WEB面接可 システムエンジニア 完全自社開発／上流工程／残...,福岡市 早良区,年収500万円～600万円,5日前,リクルートエージェント
株式会社アナイスカンパニー,Webデザイナー、UIエンジニア,福岡県,月給30万円～45万円,9時間前,株式会社アナイスカンパニー
株式会社ANDCO,Webアプリケーションエンジニア募集／移住支援金対象,佐賀市 佐賀駅 車10分,"月給19万5,000円～40万円",6日前,さがUターンナビ
株式会社マッシヴドライヴ,システムエンジニア／Web・オープン系・パッケージ開発／移住...,唐津市 唐津駅 徒歩5分,年収310万円～550万円,6日前,さがUターンナビ
株式会社アークインターナショナル,Ruby、Java、PHPなどでの自社WEBサービス開発エン...,福岡市 博多駅,月給21万円～45万円,9時間前,株式会社アークインターナショナル
株式会社グローリア・ソリューションズ,WEBオープン系システムエンジニア／福岡勤務,福岡市 赤坂駅 徒歩3分,月給21万円～36万円,4日前,株式会社グローリア・ソリューションズ
アルテンジャパン株式会社,Web・オープン系開発エンジニア,福岡市 中央区,月給20万円～,6日前,アルテンジャパン株式会社
株式会社ブランジスタ,マークアップエンジニア,福岡市 博多駅,年収300万円～500万円,6日前,U29JOB
アイシグリーンシステム株式会社,SE,福岡市 博多区,年収350万円～600万円,5日前,リクルートエージェント
株式会社else if,システムエンジニア,福岡市 博多区,年収360万円～600万円,6日前,マイナビ転職エージェントサーチ
アジアクエスト株式会社,システム開発ディレクター 募集,福岡市 中央区,月給30万円～,4日前,type
株式会社アイキューブドシステムズ,10. モバイルアプリエンジニア／Mobile Applic...,福岡市 天神駅 徒歩6分,公開していません,2日前,CREATIVE JOB
株式会社BTM,夏インターン開催!地方エンジニア採用,福岡市 天神駅 徒歩3分,"月給22万5,000円～25万円",3日前,Find Job!
ヤフー株式会社,サービス・プラットフォーム開発エンジニア,福岡市 博多駅 徒歩1分,年収400万円～800万円,5日前,マイナビAGENT
有限会社ホームニクス,フロントエンドエンジニア,福岡市 千代県庁口駅 車5分,年収350万円～550万円,5日前,U29JOB
株式会社オロ,営業,福岡市 大濠公園駅 徒歩10分,年収350万円～528万円,1日前,U29JOB
株式会社オートウェイ,輸入タイヤ・ホイール通販会社のSNSディレクター候補,福岡県 苅田町,月給18万円～35万円,4日前,Create 転職
エコー電子工業株式会社,全国ナンバーワンの富士通ソリューションディーラーでSE,長崎県 佐世保市,年収420万円～,6日前,マイナビ転職エージェントサーチ
HYUGA PRIMARY CARE株式会社,ヘルスケア,福岡県 春日市,年収480万円～700万円,4日前,マイナビクリエイター
株式会社ウイングノア,テストエンジニア,福岡市 博多区,月給27万円～40万円,5日前,株式会社ウイングノア
株式会社インターシステク,月給30万円以上!福岡市内で働くSE・PG／年間休日125日,福岡市 馬出九大病院前駅,月給30万円～40万円,4日前,doda
株式会社RKKCS,アプリケーションエンジニア プライム案件／自社内開発／自治体...,福岡県,年収400万円～550万円,5日前,マイナビAGENT
株式会社uzufactory,システムエンジニア,福岡市 博多駅,年収300万円～700万円,5日前,U29JOB
株式会社サンテク,福利厚生充実 オープン系のシステム開発で上流工程から携わるこ...,福岡市 博多区,年収380万円～550万円,4時間前,U29JOB
株式会社ネオス,SE／PG 自社で開発した独自のパッケージ商品が強み,福岡市 中央区,年収350万円～500万円,7日前,パソナキャリア
株式会社デザイン,SNS特化型・Webサービスのコンサルティング営業,福岡市 中央区,"月給27万5,000円～50万円",4日前,doda
株式会社LASSIC,東京の仕事を地元で…もっと意義ある仕事がしたい方が活躍する仕事,福岡県 福岡市,公開していません,4時間前,マイナビAGENT
株式会社D･A･G,ソフトウェアエンジニア-SoftwareEngineer,福岡市 天神南駅 徒歩5分,公開していません,2日前,CREATIVE JOB
株式会社YE DIGITAL,システムエンジニア,北九州市 小倉北区,年収450万円～750万円,7日前,パソナキャリア
株式会社あいふろいで,職業指導員,北九州市 小倉駅 徒歩8分,月給20万円～30万円,2日前,ハローワーク小倉
株式会社ビーネックステクノロジーズ,IT開発エンジニア 研修・サポート充実,福岡県,月給21万円～50万円,16時間前,エン転職
株式会社Jストリーム,フロントエンド／開発エンジニア,福岡市 天神駅 徒歩1分,年収480万円～650万円,4時間前,CREATIVE JOB
ビット・クルー株式会社,システムエンジニア募集,大分市 大分駅 徒歩10分,"月給15万1,000円～36万円",3日前,転職ナビ
株式会社アーキ・ジャパン,建設施工管理,熊本県,"月給26万5,000円～",3日前,建職バンク
日本コンピュータ・ダイナミクス株式会社,Web系・業務系システム開発エンジニア～JASDAQ上場／教...,福岡県,年収308万円～503万円,4日前,doda
株式会社スタッフサービス,研修からスタート! ITエンジニア・PG／社内システム開発,福岡県 福岡市,"月給21万5,000円～",6日前,リクナビNEXT
株式会社エクシード,未経験歓迎のソフト開発・設計 未来のクルマを手がけよう,福岡市 祇園駅 徒歩1分,"月給19万3,700円～32万5,100円",2時間前,リクナビNEXT
株式会社くまさんメディクス,設計 実務経験不問／土日祝休み／業績好調,菊陽町 原水駅 車5分,月給24万円～33万円,21時間前,マイナビ転職
株式会社テクノ情報システム,一大プロジェクトを支える!金融証券系のシステムエンジニア,福岡市 博多駅 徒歩6分,月給24万円～,21時間前,マイナビ転職
極東サービスエンジニアリング株式会社,施設での機械運転・補修・点検整備,篠栗町 篠栗駅 車10分,月給20万円～22万円,4時間前,あつまるくんの求人案内
株式会社テクノクリエイティブ,未経験からエンジニアに!充実の研修制度,北九州市 小倉駅 徒歩3分,月給21万円,21時間前,タウンワーク
株式会社スタッフサービスエンジニアリング事業本部,医療・バイオ系の研究員 理系・未経験OK 土日祝休み,熊本県,"月給21万5,000円～",19時間前,PROSEEK
株式会社フジワーク,半導体製造装置のオペレーション,熊本市 武蔵塚駅 徒歩3分,"時給1,100円～",1日前,あつまるくんの求人案内
有限会社KRエンジニアリング,測量・営業・土木現場管理,熊本市 東区,月給25万円～,1日前,あつまるくんの求人案内
株式会社ラディックス,ITエンジニア 上流工程から携われます／年間休日125日／残...,福岡市 博多駅 徒歩15分,年収420万円～600万円,14時間前,エン転職
ティ・シー・ケイ株式会社,年休124日 半導体製造装置フィールド・プロセスエンジニア,大分県 大分市,月給23万円～35万円,1時間前,リクナビNEXT
SCSKニアショアシステムズ株式会社,システムエンジニア／プログラマ,熊本市 中央区,"月給23万8,080円～29万6,160円",1日前,あつまるくんの求人案内
株式会社AMS,システム開発エンジニア,熊本市 中央区,"月給35万8,333円～41万6,667円",7時間前,type
空研工業株式会社,アフターフォロー担当 選考はWebで完結 年間休日124日,福岡市 大濠公園駅 徒歩2分,"月給23万3,000円～",14時間前,エン転職
株式会社シノケングループ,社内SE 選考はWebで完結／賞与年3回／福利厚生充実,福岡市 天神駅 徒歩10分,月給25万円～,14時間前,エン転職
LAMP株式会社,WEBデザイナー・HTMLコーダー募集,福岡市 赤坂駅 徒歩5分,月給23万円～50万円,2日前,Find Job!
株式会社オリテック九州,上流工程にも携われます! ITエンジニア,福岡市 博多区,"月給23万6,100円～37万500円",21時間前,マイナビ転職
株式会社コプロ・エンジニアード,大分県で働く大手ゼネコンでの就業／災害復旧工事,福岡市 博多区,月給43万円～53万円,11時間前,現キャリ
ラーニンギフト株式会社,初級エンジニア,福岡市 中央区,年収420万円,23時間前,イーキャリア
株式会社リンカッド,"サービスも会社づくりも""全員参加""で挑める! 開発エンジニア",福岡県,月給35万円～,3日前,マイナビ転職
株式会社夢テクノロジー,未経験歓迎のプログラマー 8割が未経験入社／東証一部上場企業...,福岡県,"月給19万5,000円～27万円",16時間前,エン転職
株式会社日立プラントサービス,空調・衛生設備施工管理～離職率約1割／ライフワークバランス～,福岡県,年収400万円～700万円,19時間前,doda
株式会社アフロシー,プログラマー・システムエンジニア／地域限定転勤なし／移住支援...,伊万里市 伊万里駅 徒歩5分,月給18万円～50万円,3時間前,さがUターンナビ
日揮株式会社,プラント建設における安全管理,大分県,"年収600万円～1,200万円",21時間前,doda
株式会社SHIFT,品質保証コンサルタント,福岡市 博多駅 徒歩7分,"月給45万8,334円～100万円",7時間前,type
コムテック株式会社,熊本募集 PG・SE 年休120日以上／定着率90%,熊本市 中央区,月給19万円～40万円,3日前,マイナビ転職
株式会社SYSKEN,エンジニア,熊本市 平成駅,"月給20万8,180円",1日前,あつまるくんの求人案内
株式会社島津アクセス,メンテナンス・フィールドエンジニア 完全週休2日制,福岡市 博多駅,"月給19万8,600円～",3日前,マイナビ転職
エイム株式会社,設備保全 ～自動車技術のリーディングカンパニー～,福岡県,年収380万円～550万円,20分前,doda
メディアファイブ株式会社,総務・人事,福岡市 薬院駅 徒歩3分,月給20万円～24万円,2日前,ハローワーク福岡中央
株式会社大塚商会,ITソリューション専任営業,福岡市 博多駅,年収450万円～800万円,1時間前,doda
株式会社荏原製作所,生産性・工程改善の企画推進,熊本県 南関町,年収450万円～720万円,18時間前,doda
