株式会社クリーク・アンド・リバー社 札幌オフィス,Webディレクターとして地元 北海道と首都圏の企業Web案件...,札幌市 札幌駅 徒歩6分,年収300万円～450万円,47分前,CREATIVE JOB
株式会社シアンス,Webデザイナー 若年者就業支援プロジェクトモデル企業,新潟市 中央区,年収220万円～500万円,8時間前,リクルートエージェント
ダイアモンドヘッド株式会社,有名ファッション・アパレルのオフィシャルECサイトのWebデ...,北海道,月給22万円～,1日前,ダイアモンドヘッド株式会社
株式会社ファンダフル,Webデザイナー／転勤なし／経験者歓迎,仙台市 広瀬通駅 徒歩1分,月給20万円～28万円,7時間前,株式会社ファンダフル
株式会社VALUE FIRST,長岡で未経験から手に職 Webマーケティング・アクセス解析,新潟県 長岡市,月給19万円～,2日前,リクナビNEXT
株式会社アキタネット,Webクリエイター,秋田市 秋田駅 徒歩4分,月給18万円～25万円,1日前,Workin.jp
ノーステック・システム株式会社,WEBデザイナー,札幌市 札幌駅 徒歩5分,月給19万円～30万円,2日前,ノーステック・システム株式会社
株式会社IOS,WEBデザイナー,仙台市 仙台駅 徒歩10分,月給19万円～,2日前,株式会社IOS
株式会社グラフィックホールディングス,好きを仕事に。／WEBデザイナー,札幌市 すすきの駅 徒歩3分,月給23万円～35万円,1日前,株式会社グラフィックホールディングス
株式会社バリューファースト,未経験OKのWEBマーケティング／企画・分析,長岡市 長岡駅 車4分,月給19万円～,2日前,株式会社バリューファースト
株式会社エントランス,大工 現場管理 現場作業 webデザイナー,札幌市 新道東駅 徒歩10分,"日給1万2,000円～1万7,000円",2日前,株式会社エントランス
株式会社インターパーク,Webデザイナー,札幌市 西11丁目駅,"月給22万8,580円～36万4,100円",3日前,type
株式会社デジタルアイデンティティ,Webディレクター、データ入力,札幌市 札幌駅,月給19万円～30万円,2日前,バイトルNEXT
マルニ食品株式会社,WEBディレクター,宮城県 登米市,月給25万円,2日前,ハローワーク迫
株式会社TAGインテグレーション,WEBディレクター,札幌市 西11丁目駅 徒歩3分,月給20万円～50万円,2日前,株式会社TAGインテグレーション
株式会社ONE CRUISE,Webディレクター,札幌市 大通駅 徒歩1分,月給25万円～,1日前,株式会社ONE CRUISE
株式会社アレア,WEBデレクター／各SNS運営,札幌市 札幌駅 徒歩5分,月給35万円～,2日前,株式会社アレア
株式会社新生,グラフィック、アートディレクター ～広告代理店／残業月平均1...,帯広市 帯広駅,年収400万円～450万円,18時間前,doda
株式会社れんせい,経営企画,札幌市 札幌駅 徒歩5分,月給22万円～,2日前,株式会社れんせい
SBIインシュアランスグループ株式会社,代理店営業,北海道,年収600万円～800万円,5時間前,U29JOB
株式会社一真堂,世界一流ブランドを扱う／将来のマネージャー候補,新潟市 中央区,年収300万円～400万円,1日前,リクルートエージェント
株式会社エクシード,盛り上げてくれる仲間募集 新事業立ち上げ／企画営業,仙台市 長町駅,月給23万円,2日前,株式会社エクシード
株式会社ゆあスタッフ,インターネット広告プランナー,仙台市 青葉区,"月給20万2,000円～",19時間前,Workin.jp
ヴァイタルサービス株式会社,Webプロデューサー,札幌市 札幌駅 徒歩3分,"年収540万円～1,080万円",8時間前,Find Job!
株式会社北の達人コーポレーション,"""少数精鋭""東証一部ベンチャー 経験者向け",札幌市 中央区,年収408万円～,11時間前,リクルートエージェント
株式会社アウスタ,営業／企画営業 未経験可・学歴不問・営業企画 20代の成長挑...,札幌市 中央区,月給20万円～35万円,2日前,株式会社アウスタ 札幌事業所
株式会社京栄センター,寮ありの工場・スグ面接,秋田県 由利本荘市,月給18万円,5時間前,求人ジャーナルネット
株式会社京栄センター C002251,リール型の部品の製造スタッフ!寮費無料,青森県 弘前市,月給18万円～,1日前,株式会社京栄センター 採用窓口
株式会社アークホールディングス,プロモーションスタッフ 未経験歓迎／福利厚生充実／安心して働...,新潟県,月給25万円～,15時間前,エン転職
株式会社京栄センター C001831,溶接・部品組付・検査業務!寮費0円,仙台市 泉中央駅,"月給20万5,000円",1日前,株式会社京栄センター 採用窓口
株式会社京栄センター C003121,自動車部品の加工・マシンオペレーター業務!寮費0円,苫小牧市 苫小牧駅,"月給20万2,000円",1日前,株式会社京栄センター 採用窓口
株式会社京栄センター C002259,半導体の製造スタッフ!社宅付き,新潟県 妙高市,月給18万円～,1日前,株式会社京栄センター 採用窓口
株式会社京栄センター C002193,ウェーハ基板の製造スタッフ!寮費0円,新潟県 上越市,"月給17万9,000円～",1日前,株式会社京栄センター 採用窓口
株式会社京栄センター C002205,オートマトランスミッションの製造!寮費0円,北海道 苫小牧市,"月給17万5,000円～",1日前,株式会社京栄センター 採用窓口
株式会社京栄センター C002092,製品生産設備のマシンオペレーター!寮完備,上越市 黒井駅,"月給19万2,000円～",1日前,株式会社京栄センター 採用窓口
株式会社京栄センター C003123,オートマチックトランスミッションの製造業務!寮費0円,苫小牧市 苫小牧駅,公開していません,1日前,株式会社京栄センター 採用窓口
株式会社京栄センター C002223,レトルト食品の製造STAFF!寮費0円,新潟県 新発田市,"月給17万3,000円～",1日前,株式会社京栄センター 採用窓口
株式会社京栄センター C002213,二次電池製品の製造!寮費0円,新潟県 柏崎市,月給18万円～,1日前,株式会社京栄センター 採用窓口
株式会社京栄センター C001727,半導体製品の製造,秋田県 大館市,月給19万円～,1日前,株式会社京栄センター 採用窓口
株式会社京栄センター C002247,インテリア製品の製造スタッフ!寮費0円,宮城県 大崎市,"月給20万6,000円～",1日前,株式会社京栄センター 採用窓口
株式会社京栄センター C002086,アルミコンテナの製造STAFF!寮費0円,北海道 苫小牧市,月給20万円～,1日前,株式会社京栄センター 採用窓口
株式会社京栄センター C002209,プリントメディア製造!寮費無料,宮城県 多賀城市,"月給17万5,000円～",1日前,株式会社京栄センター 採用窓口
株式会社京栄センター C002145,アルミコンテナの製造!寮あります,北海道 苫小牧市,月給20万円～,1日前,株式会社京栄センター 採用窓口
株式会社京栄センター C002246,半導体の製造オペレ―ター!寮費無料,宮城県 白石市,"月給21万6,000円～",1日前,株式会社京栄センター 採用窓口
株式会社京栄センター C002320,電子部品の製造!寮費無料,帯広市 西帯広駅,"月給15万5,000円～",1日前,株式会社京栄センター 採用窓口
株式会社京栄センター C002133,自動車エンジンの製造!寮費無料,宮城県 大和町,月給21万円～,1日前,株式会社京栄センター 採用窓口
株式会社エヌリンクス,公共的な料金の案内スタッフ 内定まで最短3日&入社まで最短2...,仙台市 勾当台公園駅 徒歩1分,月給23万円～,15時間前,エン転職
株式会社京栄センター 採用窓口 株式会社京栄セン...,メーカー勤務未経験OK,角田市 岡駅,月給27万円,1日前,株式会社京栄センター 採用窓口
トランス・コスモス株式会社 仙台センター課,Web制作部門でのディレクター・制作・データ分析,仙台市 青葉通一番町駅 徒歩5分,月給20万円～,2日前,トランス・コスモス株式会社DX本部 仙台センター課
株式会社Ling,採用アシスタント／未経験OK／年間休日120日以上／20代～...,新潟市 新潟駅,月給22万円～30万円,1日前,株式会社Ling
Septeni Ad Creative株式会社,デジタル広告のクリエイティブディレクター／セプテーニG／在宅...,札幌市 大通駅 徒歩2分,年収300万円～700万円,2日前,doda
會澤高圧コンクリート株式会社,コンクリート製品の営業職,札幌市 東区,月給19万円～25万円,2日前,會澤高圧コンクリート株式会社
株式会社エクスマート,自社開発製品・ソリューションの提案営業,新潟県,月給23万円～50万円,3日前,type
東建コーポレーション株式会社,Web面接可!名刺交換経験がない人も活躍!未経験歓迎の営業職,新潟県,"月給26万3,000円",3時間前,リクナビNEXT
株式会社フジ・クリエイティブセンター,お客様の課題を広告で解決する 営業スタッフ 年休120日以上,新潟市 新潟駅 車10分,月給21万円～25万円,20時間前,マイナビ転職
株式会社リクルート北関東マーケティング,リクルートメディアの企画営業 完全週休2日／年間140日,新潟市 中央区,"月給23万9,470円～",3時間前,リクナビNEXT
株式会社エバーシードマーケティング,YouTube動画のシナリオ考案 ディレクター・マーケター,札幌市 大通駅 徒歩4分,月給22万円～30万円,3時間前,リクナビNEXT
株式会社イング北海道,広告営業 月給26万円～保証!／土日祝日休み／賞与も支給,札幌市 中央区,月給26万円～,1日前,マイナビ転職
イー・エム・エー株式会社,ネットショップ運営業務,大河原町 大河原駅 徒歩25分,月給28万円～33万円,2日前,かんたん応募
株式会社リスペクト,2022 新卒採用 営業・マーケティング 総合職,宮城県,月給23万円,1日前,クリ博ナビ2022
株式会社S,WEB面接OK 残業月15h 月給26万／コールセンターSV,函館市 五稜郭公園前駅 徒歩5分,月給30万円,3時間前,リクナビNEXT
株式会社TMJ,リードスーパーバイザー,札幌市 北区,年収402万円～600万円,5時間前,ワークポート
株式会社GOESWELL 保険見直し本舗 仙台幸...,コンサルティングアドバイザー,仙台市 宮城野区,月給25万円,5時間前,株式会社GOESWELL
株式会社GOESWELL 保険見直し本舗 仙台中...,コンサルティングアドバイザー,仙台市 泉区,月給25万円,5時間前,株式会社GOESWELL
株式会社アウトソーシングテクノロジー,キャリア事務 未経験歓迎／土日祝休／残業少なめ WEB面接可,宮城県,"月給18万5,000円～30万円",1日前,マイナビ転職
株式会社ウィナス,SE／PG 自身で学習している人歓迎・経験不要／Web面接可,札幌市 西11丁目駅 徒歩3分,年収250万円～450万円,2日前,リクナビNEXT
東洋株式会社,システムエンジニア・プログラマー,札幌市 札幌駅 徒歩8分,年収300万円～600万円,2時間前,U29JOB
株式会社ネオマーケティング,マーケティングコンサルタント 新拠点立ち上げメンバー募集,北海道 札幌市,月給24万円～40万円,2日前,株式会社ネオマーケティング
株式会社GOESWELL 保険見直し本舗 イトー...,コンサルティングアドバイザー,青森県 八戸市,月給25万円,5時間前,株式会社GOESWELL
シミック・アッシュフィールド株式会社,MR,新潟県,月給29万円～50万円,6時間前,type
アクサス株式会社,既卒歓迎 開発エンジニア,北海道,年収350万円～500万円,11時間前,Re就活
アビドレックス株式会社,ハウスクリーニング／反響営業 未経験歓迎 学歴不問,宮城県 仙台市,月給25万円～,1日前,リクナビNEXT
株式会社GOESWELL 保険見直し本舗 石巻あ...,コンサルティングアドバイザー,宮城県 石巻市,月給25万円,5時間前,株式会社GOESWELL
株式会社GOESWELL 保険見直し本舗 イオン...,コンサルティングアドバイザー,宮城県 登米市,月給25万円,5時間前,株式会社GOESWELL
株式会社GOESWELL 保険見直し本舗 仙台泉...,コンサルティングアドバイザー,仙台市 泉区,月給25万円,5時間前,株式会社GOESWELL
アークレイインフィニティ株式会社,フィールドエンジニア 国内シェアトップクラスの医療検査システ...,札幌市 中央区,年収400万円～600万円,15時間前,doda
株式会社東日本朝日広告社,安定基盤・働きやすさ充実! 広告営業 業界未経験者も歓迎,仙台市 広瀬通駅 徒歩1分,月給25万円～30万円,1日前,マイナビ転職
外資系生保,ITプロジェクトマネージャー、ソリューションデザイナー,北海道,年収500万円～900万円,45分前,日経転職版
アイリスオーヤマ株式会社,グラフィックデザイナー,柴田町 東船岡駅 車7分,年収400万円～550万円,3時間前,U29JOB
株式会社ミツエーリンクス,SE システムディレクター／システムディレクター候補 自社内...,仙台市 仙台駅 徒歩9分,月給19万円～,2日前,株式会社ミツエーリンクス
株式会社キタカタ,プロモーションデザイナー,新潟市 新潟駅 車15分,月給20万円～,2日前,株式会社キタカタ
株式会社GOESWELL 保険見直し本舗 札幌パ...,コンサルティングアドバイザー,札幌市 北区,月給25万円,5時間前,株式会社GOESWELL
株式会社JOB HOPE,Webソリューションセールス,仙台市 五橋駅 徒歩7分,年収300万円～500万円,1日前,株式会社JOB HOPE
株式会社セラク,未経験歓迎のシステムエンジニア／定着率9割以上／20代活躍中,札幌市 大通駅 徒歩3分,月給22万円～40万円,18時間前,doda
株式会社DGコミュニケーションズ,動画エディター,札幌市 札幌駅 徒歩5分,年収240万円～456万円,1日前,U29JOB
パーソルプロセス&テクノロジー株式会社,DX推進の開発担当,札幌市 大通駅,年収400万円～510万円,11時間前,doda
フィールド・クラブ株式会社,提案営業,北海道 北広島市,月給20万円～35万円,2日前,マイナビ転職
REGAIN株式会社,マーケティングセンター／マネージャー～注目度の高い成長市場／...,青森県 八戸市,年収396万円～696万円,14時間前,doda
株式会社GOESWELL 保険見直し本舗 仙台ラ...,コンサルティングアドバイザー,仙台市 太白区,月給25万円,5時間前,株式会社GOESWELL
株式会社トライグループ,2兆円の市場開拓を担う教育プランナー／幹部候補,新潟県,月給22万円～67万円,2日前,リクナビNEXT
株式会社エフエムラジオ新潟,営業・企画系総合職 ラジオ・SNS・イベントで地域に貢献,新潟市 新潟駅 徒歩15分,月給20万円～30万円,2日前,リクナビNEXT
株式会社ニューエイジ,Web広告のルート営業 業種未経験歓迎!完全週休2日制／既存...,仙台市 勾当台公園駅 徒歩5分,月給26万円～,15時間前,エン転職
株式会社monocyte,映像写真製作ディレクター,札幌市 月寒中央駅 徒歩5分,月給24万円～35万円,2日前,株式会社monocyte
株式会社GranVillage,土日祝休み!月給25万円～!webショップ運営staff,札幌市 大通駅 徒歩3分,月給25万円～30万円,2日前,株式会社GranVillage
シーメンスヘルスケア株式会社,営業,北海道,年収500万円～800万円,12時間前,doda
株式会社アクシスビジョン,映像クリエイター,仙台市 広瀬通駅 徒歩2分,月給26万円～36万円,2日前,株式会社アクシスビジョン
株式会社朝日設計,建築設備設計 建築設備士 歓迎,札幌市 中央区,年収450万円～850万円,2日前,朝日設計Works
株式会社GOESWELL 保険見直し本舗 札幌元...,コンサルティングアドバイザー,札幌市 東区,月給25万円,5時間前,株式会社GOESWELL
株式会社星野リゾート・トマム,未経験・第二新卒歓迎! サービススタッフ WEB選考のみ,北海道 占冠村,月給20万円～32万円,2日前,マイナビ転職
株式会社GOESWELL 保険見直し本舗 札幌ア...,コンサルティングアドバイザー,札幌市 東区,月給25万円,5時間前,株式会社GOESWELL
株式会社ゆめみ,PM,北海道,"年収450万円～1,500万円",15時間前,doda
弥生株式会社,カスタマーサクセス,札幌市 札幌駅,年収550万円～900万円,15時間前,doda
RPAテクノロジーズ株式会社,RPAコンサルタント,札幌市 北区,"年収500万円～1,000万円",17時間前,doda
株式会社ミックス,3DCGデザイナー,仙台市 若林区,年収230万円～500万円,10時間前,ワークポート
株式会社クリーク・アンド・リバー社 札幌オフィス,Webディレクターとして地元 北海道と首都圏の企業Web案件...,札幌市 札幌駅 徒歩6分,年収300万円～450万円,51分前,CREATIVE JOB
有限会社K’s Link,急募 Webクリエイター他 副業で活躍!?法人営業,札幌市 新川駅 徒歩9分,"時給861円～1,000円",2日前,有限会社K’s Link
株式会社シアンス,Webデザイナー 若年者就業支援プロジェクトモデル企業,新潟市 中央区,年収220万円～500万円,8時間前,リクルートエージェント
ダイアモンドヘッド株式会社,有名ファッション・アパレルのオフィシャルECサイトのWebデ...,北海道,月給22万円～,1日前,ダイアモンドヘッド株式会社
株式会社ファンダフル,Webデザイナー／転勤なし／経験者歓迎,仙台市 広瀬通駅 徒歩1分,月給20万円～28万円,7時間前,株式会社ファンダフル
株式会社VALUE FIRST,長岡で未経験から手に職 Webマーケティング・アクセス解析,新潟県 長岡市,月給19万円～,2日前,リクナビNEXT
株式会社リスペクト,Webディレクター:仙台勤務,仙台市 仙台駅 徒歩8分,年収420万円～630万円,5時間前,Green
株式会社アキタネット,Webクリエイター,秋田市 秋田駅 徒歩4分,月給18万円～25万円,1日前,Workin.jp
ハーバーハウス株式会社,企画編集者・Webディレクター・ライター,新潟市 新潟駅 徒歩15分,年収270万円～420万円,1日前,Green
株式会社北の達人コーポレーション,フルリモート・総合職 WEBディレクター,札幌市 大通駅,公開していません,5時間前,Green
株式会社デジタル・アド・サービス,WEBデザイナー／ディレクター,新潟市 新潟駅 徒歩10分,年収350万円～500万円,1日前,Green
合同会社ブレッセ,WEBディレクター,札幌市 中央区,"時給900円～2,500円",3日前,アルキタ
ノーステック・システム株式会社,WEBデザイナー,札幌市 札幌駅 徒歩5分,月給19万円～30万円,2日前,ノーステック・システム株式会社
ジーエムラボ株式会社,PG／SE／WEBデザイナー 賞与年3回・土日祝休み,札幌市 新さっぽろ駅 バス10分,月給25万円～60万円,20時間前,マイナビ転職
株式会社デジタルアイデンティティ,Webディレクター、データ入力,札幌市 札幌駅,月給19万円～30万円,2日前,バイトルNEXT
株式会社バリューファースト,未経験OKのWEBマーケティング／企画・分析,長岡市 長岡駅 車4分,月給19万円～,2日前,株式会社バリューファースト
株式会社TAGインテグレーション,WEBディレクター,札幌市 西11丁目駅 徒歩3分,月給20万円～50万円,2日前,株式会社TAGインテグレーション
株式会社MAYA STAFFING,WEBデザイナー ECサイト用バナー加工スタッフ募集,札幌市 大通駅 徒歩3分,"時給1,000円",2日前,株式会社MAYA STAFFING
株式会社FLEGRE,WEBマーケティング,新潟市 中央区,"月給15万6,670円～",2日前,株式会社FLEGRE
株式会社ほむぺじ,プログラマー WEBデザイナー、WEBプログラマー,札幌市 バスセンター前駅,"時給1,000円～",2日前,株式会社ほむぺじ
株式会社スタッフエース,土日休み／Webデザイナー／DTP業務,新潟市 中央区,"時給1,050円～",1日前,スタッフエース
株式会社札促社,WEBデザイナー,札幌市 琴似駅 徒歩15分,"時給1,000円～2,000円",2日前,株式会社札促社
株式会社ONE CRUISE,Webディレクター,札幌市 大通駅 徒歩1分,月給25万円～,1日前,株式会社ONE CRUISE
株式会社ソルトワークス,2022 新卒採用 インターネット関連,札幌市 中央区,"月給21万6,484円～",3日前,リクナビ2022
株式会社アレア,WEBデレクター／各SNS運営,札幌市 札幌駅 徒歩5分,月給35万円～,2日前,株式会社アレア
株式会社新生,グラフィック、アートディレクター ～広告代理店／残業月平均1...,帯広市 帯広駅,年収400万円～450万円,18時間前,doda
株式会社れんせい,経営企画,札幌市 札幌駅 徒歩5分,月給22万円～,2日前,株式会社れんせい
パーソルエクセルHRパートナーズ株式会社,人気のWEB広告関連,仙台市 仙台駅,"時給1,180円",1日前,ジョブチェキ！
株式会社クリーク・アンド・リバー社 デジタル・コ...,Webコーダー 兼 進行管理,札幌市 大通駅 徒歩2分,月給18万円～21万円,2日前,広告転職.com
テンプスタッフフォーラム株式会社,HP更新・DTP作業 社員サポートのお仕事、短時間OK,新潟県 燕市,"時給1,040円",21時間前,ジョブチェキ！
株式会社エクシード,短期レアバイト 月給20万!ポスティングスタッフ,仙台市 長町駅 徒歩5分,月給20万円,2日前,株式会社エクシード
株式会社ホームショッピング,福利厚生充実環境!WEB管理スタッフ,札幌市 太平駅 徒歩12分,時給900円～,1日前,株式会社ホームショッピング
SBIインシュアランスグループ株式会社,代理店営業,北海道,年収600万円～800万円,6時間前,U29JOB
株式会社一真堂,世界一流ブランドを扱う／将来のマネージャー候補,新潟市 中央区,年収300万円～400万円,1日前,リクルートエージェント
株式会社アール,WEB広告のデザイン制作／完全在宅勤務可 完週休2日,新潟県,月給28万円,3時間前,リクナビNEXT
株式会社ゆあスタッフ,インターネット広告プランナー,仙台市 青葉区,"月給20万2,000円～",19時間前,Workin.jp
株式会社ネクストビート,地方の活性化! 新規事業立ち上げ,札幌市 札幌駅 徒歩4分,年収400万円～800万円,1日前,イーキャリアFA
ヴァイタルサービス株式会社,Webプロデューサー,札幌市 札幌駅 徒歩3分,"年収540万円～1,080万円",8時間前,Find Job!
株式会社FLLW,建物調査に関する 主婦活躍中,札幌市 バスセンター前駅,"時給1,100円～1,400円",2日前,株式会社FLLW
株式会社DYM,2022 新卒採用 インターネット関連,札幌市 札幌駅,月給32万円,3日前,リクナビ2022
株式会社日本創発グループ,2022 新卒採用 印刷関連,宮城県 仙台市,"月給21万5,000円",3日前,リクナビ2022
株式会社HRデザイン,月給24万円～×土日祝休み!地元でリクルート商材の在宅営業,秋田県,月給24万円,10分前,リクナビNEXT
株式会社Will Agency,SNSデザイナー 土日祝休み 未経験OK,新潟市 中央区,月給27万円～35万円,1日前,PROSEEK
株式会社リンクスタッフィング,事務STAFF／株式会社リンクスタッフィング [仙台支店]※...,仙台市 仙台駅,"時給1,300円～1,400円",2日前,マイナビバイト
株式会社アウスタ,営業／企画営業 未経験可・学歴不問・営業企画 20代の成長挑...,札幌市 中央区,月給20万円～35万円,2日前,株式会社アウスタ 札幌事業所
株式会社マーキュリー,法人営業スタッフ,新潟市 中央区,月給21万円～30万円,21時間前,マイベストジョブ
株式会社京栄センター,寮ありの工場・スグ面接,秋田県 由利本荘市,月給18万円,5時間前,求人ジャーナルネット
株式会社京栄センター C003102,医薬品製造!寮費0円,釧路市 音別駅                                                                                                                                    その他 (9),"時給1,350円",1日前,株式会社京栄センター 採用窓口
株式会社京栄センター C002065,スマホ部品の組立・検査!住み込み,大崎市 古川駅,"時給1,100円",1日前,株式会社京栄センター 採用窓口
株式会社京栄センター C001812,マシンオペレータ―・測定・検査業務!寮費補助アリ,秋田県 由利本荘市,"時給1,300円",1日前,株式会社京栄センター 採用窓口
株式会社京栄センター C002251,リール型の部品の製造スタッフ!寮費無料,青森県 弘前市,月給18万円～,1日前,株式会社京栄センター 採用窓口
株式会社京栄センター C002074,食肉加工における作業スタッフ!寮あります,新冠町 新冠駅,"時給1,300円",1日前,株式会社京栄センター 採用窓口
株式会社京栄センター C002801,電子部品材料の製造!寮あります,共和町 小沢駅,"時給1,420円～1,755円",1日前,株式会社京栄センター 採用窓口
株式会社京栄センター C003117,住宅製品の部品組立業務!寮費0円,岩見沢市 岩見沢駅,"時給1,600円",1日前,株式会社京栄センター 採用窓口
株式会社京栄センター C003108,鶏の供給作業スタッフ!寮費0円,網走市 鱒浦駅,"時給1,500円",1日前,株式会社京栄センター 採用窓口
株式会社京栄センター C001839,日用品の製造スタッフ!住み込み,仙台市 泉中央駅,"時給1,300円",1日前,株式会社京栄センター 採用窓口
株式会社京栄センター C002890,住宅製造の部品組立作業!寮費無料,岩見沢市 岩見沢駅,"時給1,600円～",1日前,株式会社京栄センター 採用窓口
株式会社京栄センター C003119,溶接スタッフ!寮費0円,岩見沢市 岩見沢駅,"時給1,600円",1日前,株式会社京栄センター 採用窓口
株式会社京栄センター C001737,プラスチック製品の製造!住み込み,糸魚川市 糸魚川駅,"時給1,000円",1日前,株式会社京栄センター 採用窓口
株式会社京栄センター C003247,車製造部品のスタッフ 日払いok／稼げる地域に出稼ぎ,北海道 帯広市,"時給1,300円～1,600円",1日前,株式会社京栄センター 採用窓口
株式会社京栄センター C003246,車の組立製造スタッフ 日払いOK／都会に出稼ぎ,北海道 中札内村,"時給1,300円～1,600円",1日前,株式会社京栄センター 採用窓口
株式会社京栄センター C003242,軽作業 日払ok／家賃0円有,北海道 帯広市,"時給1,300円～1,600円",1日前,株式会社京栄センター 採用窓口
株式会社京栄センター C002867,自動車エンジンの製造業!住み込み,苫小牧市 沼ノ端駅,"月給18万3,000円",1日前,株式会社京栄センター 採用窓口
株式会社京栄センター C001844,機械オペレーター・箱詰め業務!寮付き,宮城県 大衡村,"時給1,200円",1日前,株式会社京栄センター 採用窓口
株式会社京栄センター C001998,機械加工スタッフ!寮付き,新潟市 古津駅,"時給1,250円",1日前,株式会社京栄センター 採用窓口
株式会社京栄センター C003268,機械オペレーションstaff 日払ok／家具家電付き寮完備,青森県 平川市,"時給1,300円～1,600円",1日前,株式会社京栄センター 採用窓口
株式会社京栄センター C003243,電子部品製造スタッフ 履歴書不要／出稼ぎ0円,北海道 帯広市,"時給1,300円～1,600円",1日前,株式会社京栄センター 採用窓口
株式会社京栄センター C002804,自動車エンジン・部品製造!寮費無料,苫小牧市 沼ノ端駅,月給17万円～,1日前,株式会社京栄センター 採用窓口
株式会社京栄センター C003276,工場作業員 寮費無料 日勤だけ,青森県 大鰐町,"時給1,300円～1,600円",1日前,株式会社京栄センター 採用窓口
株式会社京栄センター C003266,機械オペレーション業務 高収入／ワンルーム寮完備,青森県 平川市,"時給1,300円～1,600円",1日前,株式会社京栄センター 採用窓口
株式会社京栄センター C003260,梱包作業staff 日払いok／家賃0円有,青森県 平川市,"時給1,300円～1,600円",1日前,株式会社京栄センター 採用窓口
株式会社京栄センター C003249,車部品検査業務 週払い有／社宅あり,青森県 平川市,"時給1,300円～1,600円",1日前,株式会社京栄センター 採用窓口
株式会社京栄センター C003252,車部品を扱う業務 正社員あり／出稼ぎ0円,青森県 平川市,"時給1,300円～1,600円",1日前,株式会社京栄センター 採用窓口
株式会社京栄センター C003255,電子部品スタッフ 日払ok／都会に出稼ぎ,青森県 平川市,"時給1,300円～1,600円",1日前,株式会社京栄センター 採用窓口
株式会社京栄センター C002529,自動車エンジン・部品の製造!ワンルーム寮完備,苫小牧市 苫小牧駅,公開していません,1日前,株式会社京栄センター 採用窓口
株式会社アークホールディングス,プロモーションスタッフ 未経験歓迎／福利厚生充実／安心して働...,新潟県,月給25万円～,15時間前,エン転職
株式会社京栄センター C003259,製造加工staff 日払いOK／家具家電付き寮完備,青森県 平川市,"時給1,300円～1,600円",1日前,株式会社京栄センター 採用窓口
株式会社京栄センター C002778,自動車部品の製造STAFF!寮あります,角田市 角田駅,"時給1,350円～1,688円",1日前,株式会社京栄センター 採用窓口
株式会社京栄センター C001831,溶接・部品組付・検査業務!寮費0円,仙台市 泉中央駅,"月給20万5,000円",1日前,株式会社京栄センター 採用窓口
株式会社京栄センター C003121,自動車部品の加工・マシンオペレーター業務!寮費0円,苫小牧市 苫小牧駅,"月給20万2,000円",1日前,株式会社京栄センター 採用窓口
株式会社京栄センター C002259,半導体の製造スタッフ!社宅付き,新潟県 妙高市,月給18万円～,1日前,株式会社京栄センター 採用窓口
株式会社京栄センター C003264,ピッキング業務 日払いあり／都会に出稼ぎ,青森県 平川市,"時給1,300円～1,600円",1日前,株式会社京栄センター 採用窓口
株式会社京栄センター C003250,マシンオペレーター業務 週払いあり／家具家電付き寮完備,青森県 平川市,"時給1,300円～1,600円",1日前,株式会社京栄センター 採用窓口
株式会社京栄センター C003253,クルマの部品を扱う業務 高収入／社宅無料あり,青森県 平川市,"時給1,300円～1,600円",1日前,株式会社京栄センター 採用窓口
株式会社京栄センター C003245,クルマの部品組み立て 週払いOK／無料で出稼ぎ,北海道 帯広市,"時給1,300円～1,600円",1日前,株式会社京栄センター 採用窓口
株式会社京栄センター C003241,工場作業員 日払い有／家具家電付き寮完備,北海道 帯広市,"時給1,300円～1,600円",1日前,株式会社京栄センター 採用窓口
株式会社京栄センター C003270,製造 staff 土日祝休みあり／出稼ぎ0円,青森県 弘前市,"時給1,300円～1,600円",1日前,株式会社京栄センター 採用窓口
株式会社京栄センター C003240,工場作業員 日払い有・家具家電付き寮完備,北海道 帯広市,"時給1,300円～1,600円",1日前,株式会社京栄センター 採用窓口
株式会社京栄センター C002193,ウェーハ基板の製造スタッフ!寮費0円,新潟県 上越市,"月給17万9,000円～",1日前,株式会社京栄センター 採用窓口
株式会社京栄センター C002205,オートマトランスミッションの製造!寮費0円,北海道 苫小牧市,"月給17万5,000円～",1日前,株式会社京栄センター 採用窓口
株式会社京栄センター C002092,製品生産設備のマシンオペレーター!寮完備,上越市 黒井駅,"月給19万2,000円～",1日前,株式会社京栄センター 採用窓口
株式会社京栄センター C003271,工場仕分けスタッフ 週払いOK／社宅無料あり,青森県 大鰐町,"時給1,300円～1,600円",1日前,株式会社京栄センター 採用窓口
株式会社京栄センター C003272,工場の仕分けスタッフ 日払いOK／無料で出稼ぎ,青森県 大鰐町,"時給1,300円～1,600円",1日前,株式会社京栄センター 採用窓口
株式会社京栄センター C003254,電子部品を扱う業務 日払い有／無料で出稼ぎ,青森県 平川市,"時給1,300円～1,600円",1日前,株式会社京栄センター 採用窓口
株式会社京栄センター C003123,オートマチックトランスミッションの製造業務!寮費0円,苫小牧市 苫小牧駅,公開していません,1日前,株式会社京栄センター 採用窓口
株式会社京栄センター C002208,電話部品の製造スタッフ!寮費無料,由利本荘市 羽後本荘駅 車16分,"時給1,250円～",1日前,株式会社京栄センター 採用窓口
株式会社京栄センター C002223,レトルト食品の製造STAFF!寮費0円,新潟県 新発田市,"月給17万3,000円～",1日前,株式会社京栄センター 採用窓口
株式会社京栄センター C003273,工場での検査業務 日払いok／都会に出稼ぎ,青森県 大鰐町,"時給1,300円～1,600円",1日前,株式会社京栄センター 採用窓口
株式会社京栄センター C003262,ピッキング作業工場員 週払い有／社宅無料あり,青森県 平川市,"時給1,300円～1,600円",1日前,株式会社京栄センター 採用窓口
株式会社京栄センター C003248,検査業務 週払いok／ワンルーム寮完備,青森県 平川市,"時給1,300円～1,600円",1日前,株式会社京栄センター 採用窓口
株式会社京栄センター C002213,二次電池製品の製造!寮費0円,新潟県 柏崎市,月給18万円～,1日前,株式会社京栄センター 採用窓口
株式会社京栄センター C001727,半導体製品の製造,秋田県 大館市,月給19万円～,1日前,株式会社京栄センター 採用窓口
株式会社京栄センター C002247,インテリア製品の製造スタッフ!寮費0円,宮城県 大崎市,"月給20万6,000円～",1日前,株式会社京栄センター 採用窓口
